1.Time,2.Signal Value,3.Status,4.Value of Shift/Drift,5.Health Status
0,0,101.23588866149683,Healthy Status,NaN,Safe Condition
1,1,102.28706997863468,Healthy Status,NaN,Safe Condition
2,2,106.51073710982638,Healthy Status,NaN,Safe Condition
3,3,99.48819251944647,Healthy Status,NaN,Safe Condition
4,4,99.31116001916389,Healthy Status,NaN,Safe Condition
5,5,99.01395276676998,Healthy Status,NaN,Safe Condition
6,6,103.37987568706446,Healthy Status,NaN,Safe Condition
7,7,100.22768817944163,Healthy Status,NaN,Safe Condition
8,8,101.45936628630723,Healthy Status,NaN,Safe Condition
9,9,106.1102740182036,Healthy Status,NaN,Safe Condition
10,10,95.38691586799997,Healthy Status,NaN,Safe Condition
11,11,100.20553561153514,Healthy Status,NaN,Safe Condition
12,12,102.6440334646858,Healthy Status,NaN,Safe Condition
13,13,101.01045761918007,Healthy Status,NaN,Safe Condition
14,14,103.18511754989018,Healthy Status,NaN,Safe Condition
15,15,101.16779219702903,Healthy Status,NaN,Safe Condition
16,16,106.36033465290053,Healthy Status,NaN,Safe Condition
17,17,97.34643418695619,Healthy Status,NaN,Safe Condition
18,18,98.1796210019602,Healthy Status,NaN,Safe Condition
19,19,98.46098852125854,Healthy Status,NaN,Safe Condition
20,20,101.16686420515171,Healthy Status,NaN,Safe Condition
21,21,97.14287258628876,Healthy Status,NaN,Safe Condition
22,22,94.58742625326741,Healthy Status,NaN,Safe Condition
23,23,101.17211969417751,Healthy Status,NaN,Safe Condition
24,24,99.60652092585953,Healthy Status,NaN,Safe Condition
25,25,95.70356543487438,Healthy Status,NaN,Safe Condition
26,26,97.9845736695168,Healthy Status,NaN,Safe Condition
27,27,95.412566896068,Healthy Status,NaN,Safe Condition
28,28,99.6727331411918,Healthy Status,NaN,Safe Condition
29,29,98.39340189426385,Healthy Status,NaN,Safe Condition
30,30,96.96509655452331,Healthy Status,NaN,Safe Condition
31,31,99.35494184172595,Healthy Status,NaN,Safe Condition
32,32,102.40649107196894,Healthy Status,NaN,Safe Condition
33,33,100.22541801037808,Healthy Status,NaN,Safe Condition
34,34,92.75143052284332,Healthy Status,NaN,Safe Condition
35,35,100.78609344529819,Healthy Status,NaN,Safe Condition
36,36,97.2224557542122,Healthy Status,NaN,Safe Condition
37,37,100.05018738019028,Healthy Status,NaN,Safe Condition
38,38,98.15729641104826,Healthy Status,NaN,Safe Condition
39,39,92.54600028258038,Healthy Status,NaN,Safe Condition
40,40,97.1794397082786,Healthy Status,NaN,Safe Condition
41,41,101.67590351834986,Healthy Status,NaN,Safe Condition
42,42,92.34665359248449,Healthy Status,NaN,Safe Condition
43,43,101.40332859614558,Healthy Status,NaN,Safe Condition
44,44,103.20346964862743,Healthy Status,NaN,Safe Condition
45,45,99.78982012124568,Healthy Status,NaN,Safe Condition
46,46,99.43125166557626,Healthy Status,NaN,Safe Condition
47,47,97.59238270675893,Healthy Status,NaN,Safe Condition
48,48,92.14442031641346,Healthy Status,NaN,Safe Condition
49,49,94.26933544459203,Healthy Status,NaN,Safe Condition
50,50,98.34456529496664,Healthy Status,NaN,Safe Condition
51,51,104.56575615412596,Healthy Status,NaN,Safe Condition
52,52,101.71359792384274,Healthy Status,NaN,Safe Condition
53,53,98.24966385244096,Healthy Status,NaN,Safe Condition
54,54,91.87010005948682,Healthy Status,NaN,Safe Condition
55,55,108.82838502482404,Healthy Status,NaN,Safe Condition
56,56,98.22845151763484,Healthy Status,NaN,Safe Condition
57,57,102.73992412768054,Healthy Status,NaN,Safe Condition
58,58,99.62394698053127,Healthy Status,NaN,Safe Condition
59,59,95.38271047904941,Healthy Status,NaN,Safe Condition
60,60,98.2092213006452,Healthy Status,NaN,Safe Condition
61,61,104.70258302998062,Healthy Status,NaN,Safe Condition
62,62,99.67093637789952,Healthy Status,NaN,Safe Condition
63,63,97.28682558552222,Healthy Status,NaN,Safe Condition
64,64,96.38576130733922,Healthy Status,NaN,Safe Condition
65,65,103.56015540115311,Healthy Status,NaN,Safe Condition
66,66,100.9706766920787,Healthy Status,NaN,Safe Condition
67,67,96.02869201635868,Healthy Status,NaN,Safe Condition
68,68,97.49036710862939,Healthy Status,NaN,Safe Condition
69,69,103.94069816876024,Healthy Status,NaN,Safe Condition
70,70,104.83648920679579,Healthy Status,NaN,Safe Condition
71,71,94.02085301585784,Healthy Status,NaN,Safe Condition
72,72,101.61216017317834,Healthy Status,NaN,Safe Condition
73,73,103.48828147255186,Healthy Status,NaN,Safe Condition
74,74,100.40794010489603,Healthy Status,NaN,Safe Condition
75,75,100.49037347335955,Healthy Status,NaN,Safe Condition
76,76,97.18180334836309,Healthy Status,NaN,Safe Condition
77,77,94.15277722797398,Healthy Status,NaN,Safe Condition
78,78,101.97426354348477,Healthy Status,NaN,Safe Condition
79,79,100.93254266467704,Healthy Status,NaN,Safe Condition
80,80,102.04886287807426,Healthy Status,NaN,Safe Condition
81,81,94.77156478365957,Healthy Status,NaN,Safe Condition
82,82,97.49810269919611,Healthy Status,NaN,Safe Condition
83,83,102.31990181443166,Healthy Status,NaN,Safe Condition
84,84,98.83200004307163,Healthy Status,NaN,Safe Condition
85,85,99.06812830989344,Healthy Status,NaN,Safe Condition
86,86,97.95443169822187,Healthy Status,NaN,Safe Condition
87,87,99.55728626079869,Healthy Status,NaN,Safe Condition
88,88,98.51318136156472,Healthy Status,NaN,Safe Condition
89,89,92.50053098447204,Healthy Status,NaN,Safe Condition
90,90,101.34800184764508,Healthy Status,NaN,Safe Condition
91,91,97.57260173100997,Healthy Status,NaN,Safe Condition
92,92,96.21187584899795,Healthy Status,NaN,Safe Condition
93,93,98.87136444134842,Healthy Status,NaN,Safe Condition
94,94,100.41565403404275,Healthy Status,NaN,Safe Condition
95,95,101.60564353733565,Healthy Status,NaN,Safe Condition
96,96,99.6199110191857,Healthy Status,NaN,Safe Condition
97,97,104.92014664260081,Healthy Status,NaN,Safe Condition
98,98,106.3705842787308,Healthy Status,NaN,Safe Condition
99,99,103.11706414831391,Healthy Status,NaN,Safe Condition
100,100,103.99754967253516,Healthy Status,NaN,Safe Condition
101,101,103.40718405235788,Healthy Status,NaN,Safe Condition
102,102,98.16891497098867,Healthy Status,NaN,Safe Condition
103,103,96.77486142410866,Healthy Status,NaN,Safe Condition
104,104,99.8259055522453,Healthy Status,NaN,Safe Condition
105,105,106.64949741903241,Healthy Status,NaN,Safe Condition
106,106,104.83414174568858,Healthy Status,NaN,Safe Condition
107,107,106.22608964579157,Healthy Status,NaN,Safe Condition
108,108,94.88459484647574,Healthy Status,NaN,Safe Condition
109,109,98.17697217422695,Healthy Status,NaN,Safe Condition
110,110,100.37943517742673,Healthy Status,NaN,Safe Condition
111,111,102.48049601571908,Healthy Status,NaN,Safe Condition
112,112,101.25874683437806,Healthy Status,NaN,Safe Condition
113,113,104.58882126047095,Healthy Status,NaN,Safe Condition
114,114,101.86821908859879,Healthy Status,NaN,Safe Condition
115,115,105.63171507129701,Healthy Status,NaN,Safe Condition
116,116,98.20230421745005,Healthy Status,NaN,Safe Condition
117,117,107.51015078390367,Healthy Status,NaN,Safe Condition
118,118,95.27177672347925,Healthy Status,NaN,Safe Condition
119,119,100.65729841124002,Healthy Status,NaN,Safe Condition
120,120,104.24323006540656,Healthy Status,NaN,Safe Condition
121,121,101.2336327835395,Healthy Status,NaN,Safe Condition
122,122,107.3888582002204,Healthy Status,NaN,Safe Condition
123,123,96.13805789252626,Healthy Status,NaN,Safe Condition
124,124,102.9339465487607,Healthy Status,NaN,Safe Condition
125,125,108.91532247314234,Healthy Status,NaN,Safe Condition
126,126,97.72488358596108,Healthy Status,NaN,Safe Condition
127,127,97.64966944988224,Healthy Status,NaN,Safe Condition
128,128,103.0849027034669,Healthy Status,NaN,Safe Condition
129,129,100.70983695157503,Healthy Status,NaN,Safe Condition
130,130,99.24575721198228,Healthy Status,NaN,Safe Condition
131,131,101.37221524410609,Healthy Status,NaN,Safe Condition
132,132,100.8268235269646,Healthy Status,NaN,Safe Condition
133,133,104.7284316278275,Healthy Status,NaN,Safe Condition
134,134,98.16491813062383,Healthy Status,NaN,Safe Condition
135,135,93.02639659393583,Healthy Status,NaN,Safe Condition
136,136,95.52601346747791,Healthy Status,NaN,Safe Condition
137,137,101.08705406625408,Healthy Status,NaN,Safe Condition
138,138,106.81764962339528,Healthy Status,NaN,Safe Condition
139,139,102.26826233241788,Healthy Status,NaN,Safe Condition
140,140,88.17076790550455,Healthy Status,NaN,Safe Condition
141,141,100.43984387131975,Healthy Status,NaN,Safe Condition
142,142,97.49881620660223,Healthy Status,NaN,Safe Condition
143,143,99.59142082489866,Healthy Status,NaN,Safe Condition
144,144,96.47035166095729,Healthy Status,NaN,Safe Condition
145,145,98.5460539948575,Healthy Status,NaN,Safe Condition
146,146,95.39083002718884,Healthy Status,NaN,Safe Condition
147,147,99.3327700221644,Healthy Status,NaN,Safe Condition
148,148,100.62540816571385,Healthy Status,NaN,Safe Condition
149,149,97.2149618653855,Healthy Status,NaN,Safe Condition
150,150,95.14012491176187,Healthy Status,NaN,Safe Condition
151,151,103.93691925200113,Healthy Status,NaN,Safe Condition
152,152,97.34067977672902,Healthy Status,NaN,Safe Condition
153,153,98.3645152785488,Healthy Status,NaN,Safe Condition
154,154,102.20021884233519,Healthy Status,NaN,Safe Condition
155,155,105.10429365706479,Healthy Status,NaN,Safe Condition
156,156,104.02637152486658,Healthy Status,NaN,Safe Condition
157,157,97.62726239981342,Healthy Status,NaN,Safe Condition
158,158,98.60798090370359,Healthy Status,NaN,Safe Condition
159,159,101.30774691765735,Healthy Status,NaN,Safe Condition
160,160,97.21581605402743,Healthy Status,NaN,Safe Condition
161,161,97.80713956235174,Healthy Status,NaN,Safe Condition
162,162,97.97168765112197,Healthy Status,NaN,Safe Condition
163,163,104.75509339704396,Healthy Status,NaN,Safe Condition
164,164,103.27579603022932,drift Started,0.17375348409526364,Safe Condition
165,165,104.52021442181362,drift continue,NaN,Safe Condition
166,166,108.99325910746825,drift continue,NaN,Safe Condition
167,167,111.92468160673079,shift Happend,10.205499871132709,Safe Condition
168,168,122.45014853568952,shift continue,NaN,Safe Condition
169,169,124.92895006903974,shift continue,NaN,Safe Condition
170,170,117.05493105586532,shift continue,NaN,Safe Condition
171,171,122.99892024876313,shift continue,NaN,Safe Condition
172,172,124.73711418465011,shift continue,NaN,Safe Condition
173,173,122.59923152904213,shift continue,NaN,Safe Condition
174,174,120.09486927559168,shift continue,NaN,Safe Condition
175,175,122.35507852458427,shift continue,NaN,Safe Condition
176,176,122.59034129463896,shift continue,NaN,Safe Condition
177,177,122.15797635878326,shift continue,NaN,Safe Condition
178,178,122.113430596499,shift continue,NaN,Safe Condition
179,179,124.77639455283534,shift continue,NaN,Safe Condition
180,180,118.71004907144594,shift continue,NaN,Safe Condition
181,181,114.79215963224277,shift continue,NaN,Safe Condition
182,182,118.76328260169069,shift continue,NaN,Safe Condition
183,183,122.20239327316763,shift continue,NaN,Safe Condition
184,184,115.14759186460827,shift continue,NaN,Safe Condition
185,185,120.60902703031806,shift continue,NaN,Safe Condition
186,186,117.33334983951244,shift continue,NaN,Safe Condition
187,187,127.31889456348429,shift continue,NaN,Safe Condition
188,188,123.87057801972206,shift continue,NaN,Safe Condition
189,189,121.747079077147,shift continue,NaN,Safe Condition
190,190,121.79337288385774,shift continue,NaN,Safe Condition
191,191,121.5722754858012,shift continue,NaN,Safe Condition
192,192,127.49210740216573,shift continue,NaN,Safe Condition
193,193,121.87443594586608,shift continue,NaN,Safe Condition
194,194,122.08966510558132,shift continue,NaN,Safe Condition
195,195,121.16060202991545,shift continue,NaN,Safe Condition
196,196,124.45552795697564,shift continue,NaN,Safe Condition
197,197,124.35526436364937,shift continue,NaN,Safe Condition
198,198,124.05259007658917,shift continue,NaN,Safe Condition
199,199,120.55446121894202,shift continue,NaN,Safe Condition
200,200,122.01471528768201,shift continue,NaN,Safe Condition
201,201,125.77815290818617,shift continue,NaN,Safe Condition
202,202,118.6323523532032,shift continue,NaN,Safe Condition
203,203,122.70908062267215,shift continue,NaN,Safe Condition
204,204,118.84115389458675,shift continue,NaN,Safe Condition
205,205,127.12837676565054,shift continue,NaN,Safe Condition
206,206,116.61855753677708,shift continue,NaN,Safe Condition
207,207,132.69306173365777,shift continue,NaN,Safe Condition
208,208,123.57840927427526,shift continue,NaN,Safe Condition
209,209,120.7293384457217,shift continue,NaN,Safe Condition
210,210,121.2733581652075,shift continue,NaN,Safe Condition
211,211,115.97884251485678,shift continue,NaN,Safe Condition
212,212,122.82977563341693,shift continue,NaN,Safe Condition
213,213,122.22215143674268,shift continue,NaN,Safe Condition
214,214,125.88851029221779,shift continue,NaN,Safe Condition
215,215,119.70080839215679,shift continue,NaN,Safe Condition
216,216,121.35808287783253,shift continue,NaN,Safe Condition
217,217,118.35275838482278,shift continue,NaN,Safe Condition
218,218,126.89982205445052,shift continue,NaN,Safe Condition
219,219,126.1136084940034,shift continue,NaN,Safe Condition
220,220,117.4404514351309,shift continue,NaN,Safe Condition
221,221,124.9887458572836,shift continue,NaN,Safe Condition
222,222,125.81643678799281,shift continue,NaN,Safe Condition
223,223,117.85759144444715,shift continue,NaN,Safe Condition
224,224,126.82516776732248,drift Started,0.1358693564423099,Safe Condition
225,225,118.99724546497632,drift Started,0.12026439652605175,Safe Condition
226,226,123.8053826118505,drift continue,NaN,Safe Condition
227,227,119.52313487795217,drift continue,NaN,Safe Condition
228,228,118.49524529482449,drift continue,NaN,Safe Condition
229,229,116.4097698606279,drift continue,NaN,Safe Condition
230,230,119.21683946736613,drift continue,NaN,Safe Condition
231,231,119.27669767226745,drift continue,NaN,Safe Condition
232,232,119.71292835474023,drift continue,NaN,Safe Condition
233,233,114.28049932916129,drift continue,NaN,Safe Condition
234,234,127.01328723401524,drift continue,NaN,Safe Condition
235,235,120.41750331016877,drift continue,NaN,Safe Condition
236,236,119.30082175294318,drift continue,NaN,Safe Condition
237,237,109.53841388540162,drift continue,NaN,Safe Condition
238,238,115.01356278695117,drift continue,NaN,Safe Condition
239,239,117.87686016200345,drift continue,NaN,Safe Condition
240,240,116.54584656816834,drift continue,NaN,Safe Condition
241,241,125.29360837795676,drift continue,NaN,Safe Condition
242,242,116.37237091801303,drift continue,NaN,Safe Condition
243,243,123.75837082104809,drift continue,NaN,Safe Condition
244,244,127.25875503527108,drift continue,NaN,Safe Condition
245,245,122.04714217055249,drift continue,NaN,Safe Condition
246,246,118.18340623411278,drift continue,NaN,Safe Condition
247,247,118.19647305758959,drift Started,0.4659513706961874,Safe Condition
248,248,119.87266776054354,drift continue,NaN,Safe Condition
249,249,116.85251853392056,drift continue,NaN,Safe Condition
250,250,119.84727125441968,drift continue,NaN,Safe Condition
251,251,121.2049062224763,drift continue,NaN,Safe Condition
252,252,120.77952997284721,drift continue,NaN,Safe Condition
253,253,118.02319244037584,drift continue,NaN,Safe Condition
254,254,116.31614326979062,drift continue,NaN,Safe Condition
255,255,121.76332868679657,drift continue,NaN,Safe Condition
256,256,114.42746801153174,drift continue,NaN,Safe Condition
257,257,125.95570436823543,drift continue,NaN,Safe Condition
258,258,127.2347210515746,drift continue,NaN,Safe Condition
259,259,127.45617233272999,drift continue,NaN,Safe Condition
260,260,122.95289932394766,drift continue,NaN,Safe Condition
261,261,126.47194623535096,drift continue,NaN,Safe Condition
262,262,123.96528179320335,drift continue,NaN,Safe Condition
263,263,124.28916533072773,drift continue,NaN,Safe Condition
264,264,127.2791916722444,drift continue,NaN,Safe Condition
265,265,130.56289676858364,drift continue,NaN,Safe Condition
266,266,124.04806360348682,drift continue,NaN,Safe Condition
267,267,133.6621175561993,drift continue,NaN,Safe Condition
268,268,133.2005698028653,drift continue,NaN,Safe Condition
269,269,123.84758269980219,drift continue,NaN,Safe Condition
270,270,124.50235937284555,drift continue,NaN,Safe Condition
271,271,129.9146782603291,drift continue,NaN,Safe Condition
272,272,129.39241847990414,drift continue,NaN,Safe Condition
273,273,131.92757738042,drift continue,NaN,Safe Condition
274,274,132.81965398496783,drift continue,NaN,Safe Condition
275,275,137.78534365134706,drift continue,NaN,Safe Condition
276,276,128.3241404861267,drift continue,NaN,Safe Condition
277,277,132.8257916950168,drift continue,NaN,Safe Condition
278,278,134.19586973443188,drift continue,NaN,Safe Condition
279,279,132.4481506797496,drift continue,NaN,Safe Condition
280,280,136.0776999720382,drift continue,NaN,Safe Condition
281,281,133.15037048477873,drift continue,NaN,Safe Condition
282,282,131.00830385157957,drift continue,NaN,Safe Condition
283,283,145.7985338982569,drift continue,NaN,Safe Condition
284,284,135.56774733368567,drift continue,NaN,Safe Condition
285,285,146.14309747486757,drift continue,NaN,Safe Condition
286,286,136.2881076062884,drift continue,NaN,Safe Condition
287,287,136.31880457731904,drift continue,NaN,Safe Condition
288,288,135.65895467521003,drift continue,NaN,Safe Condition
289,289,133.23678926185121,shift Happend,8.695239583410762,Safe Condition
290,290,146.63655777145178,drift Started,0.41457801501569597,Safe Condition
291,291,148.3946139483012,drift continue,NaN,Safe Condition
292,292,145.14131295887927,drift continue,NaN,Safe Condition
293,293,146.06970759191083,drift continue,NaN,Safe Condition
294,294,149.08388320714295,drift continue,NaN,Safe Condition
295,295,150.58485561509653,drift continue,NaN,Safe Condition
296,296,148.68897586076494,drift continue,NaN,Safe Condition
297,297,152.897964845004,drift continue,NaN,Safe Condition
298,298,149.3569854372326,drift continue,NaN,Safe Condition
299,299,155.74313151772867,drift continue,NaN,Safe Condition
300,300,144.11968027768575,drift continue,NaN,Safe Condition
301,301,143.80917504902104,drift continue,NaN,Safe Condition
302,302,152.23281013044965,drift continue,NaN,Safe Condition
303,303,156.79819376288128,drift continue,NaN,Safe Condition
304,304,149.4422233088907,drift continue,NaN,Safe Condition
305,305,152.23479965772242,drift continue,NaN,Safe Condition
306,306,156.47382661790425,drift continue,NaN,Safe Condition
307,307,161.61733937075786,drift continue,NaN,Safe Condition
308,308,158.69030061769286,drift continue,NaN,Safe Condition
309,309,160.292544556857,drift continue,NaN,Safe Condition
310,310,152.83580112527213,drift continue,NaN,Safe Condition
311,311,163.70857118918195,drift continue,NaN,Safe Condition
312,312,156.64461270671322,drift continue,NaN,Safe Condition
313,313,150.98533087308638,drift continue,NaN,Safe Condition
314,314,152.0584990177403,drift continue,NaN,Safe Condition
315,315,160.0380204204543,drift continue,NaN,Safe Condition
316,316,162.58676298079186,drift continue,NaN,Safe Condition
317,317,160.92106006503985,drift continue,NaN,Safe Condition
318,318,157.13872767252792,drift continue,NaN,Safe Condition
319,319,164.69424682714336,drift continue,NaN,Safe Condition
320,320,159.61055044617956,drift continue,NaN,Safe Condition
321,321,150.24026919937856,drift continue,NaN,Safe Condition
322,322,162.03949644504036,drift continue,NaN,Safe Condition
323,323,162.1413956525321,drift continue,NaN,Safe Condition
324,324,154.6378936152015,drift continue,NaN,Safe Condition
325,325,162.49327376332755,drift continue,NaN,Safe Condition
326,326,158.2381727347471,drift continue,NaN,Safe Condition
327,327,162.6370063704899,drift continue,NaN,Safe Condition
328,328,161.75816919985388,drift continue,NaN,Safe Condition
329,329,162.90462807115935,drift continue,NaN,Safe Condition
330,330,165.2903240063918,drift continue,NaN,Safe Condition
331,331,162.4759852100288,drift continue,NaN,Safe Condition
332,332,165.1946511467967,drift continue,NaN,Safe Condition
333,333,166.38036234799213,drift continue,NaN,Safe Condition
334,334,171.97517331499813,drift continue,NaN,Safe Condition
335,335,165.41863701821833,drift continue,NaN,Safe Condition
336,336,166.55207213732066,drift continue,NaN,Safe Condition
337,337,164.21803216137977,drift continue,NaN,Safe Condition
338,338,172.08278118831234,drift continue,NaN,Safe Condition
339,339,169.63793487340178,drift continue,NaN,Safe Condition
340,340,172.93512866648342,drift continue,NaN,Safe Condition
341,341,167.38883109288716,drift continue,NaN,Safe Condition
342,342,161.6708444775938,drift continue,NaN,Safe Condition
343,343,167.16412797523458,drift continue,NaN,Safe Condition
344,344,170.07255859442634,drift continue,NaN,Safe Condition
345,345,175.76548581464246,drift continue,NaN,Safe Condition
346,346,170.63652333956315,drift continue,NaN,Safe Condition
347,347,172.5820324361225,drift continue,NaN,Safe Condition
348,348,167.30053319532155,drift continue,NaN,Safe Condition
349,349,165.35047448116057,drift continue,NaN,Safe Condition
350,350,169.24496255056474,drift continue,NaN,Safe Condition
351,351,168.14929591506126,drift continue,NaN,Safe Condition
352,352,178.61260877727105,drift continue,NaN,Safe Condition
353,353,167.8697555554167,drift continue,NaN,Safe Condition
354,354,170.96448922269172,drift continue,NaN,Safe Condition
355,355,164.907654901366,drift continue,NaN,Safe Condition
356,356,178.83247869395393,drift continue,NaN,Safe Condition
357,357,171.66932911395895,drift continue,NaN,Safe Condition
358,358,173.6838316473421,drift continue,NaN,Safe Condition
359,359,177.7774931062796,drift continue,NaN,Safe Condition
360,360,182.00840527663954,drift continue,NaN,Safe Condition
361,361,183.74421502963656,drift continue,NaN,Safe Condition
362,362,179.1252820921906,drift continue,NaN,Safe Condition
363,363,169.5182771422043,drift continue,NaN,Safe Condition
364,364,178.8950656882388,drift continue,NaN,Safe Condition
365,365,178.69754694885893,drift continue,NaN,Safe Condition
366,366,176.9581327952891,drift continue,NaN,Safe Condition
367,367,178.67172906408166,drift continue,NaN,Safe Condition
368,368,177.73080667358533,drift continue,NaN,Safe Condition
369,369,182.8608421510508,drift continue,NaN,Safe Condition
370,370,175.67085733796765,drift continue,NaN,Safe Condition
371,371,182.04593466752294,drift continue,NaN,Safe Condition
372,372,175.31388638834378,drift continue,NaN,Safe Condition
373,373,181.7590020504066,drift continue,NaN,Safe Condition
374,374,184.7557345705344,drift continue,NaN,Safe Condition
375,375,181.40663428755363,drift continue,NaN,Safe Condition
376,376,178.94743910095002,drift continue,NaN,Safe Condition
377,377,183.32179275539545,drift continue,NaN,Safe Condition
378,378,179.49283116975084,drift continue,NaN,Safe Condition
379,379,174.45642485987523,drift continue,NaN,Safe Condition
380,380,187.70923185526843,drift continue,NaN,Safe Condition
381,381,179.67508767680866,drift continue,NaN,Safe Condition
382,382,183.848112178092,drift continue,NaN,Safe Condition
383,383,185.52090732164314,drift continue,NaN,Safe Condition
384,384,184.10584591035524,drift continue,NaN,Safe Condition
385,385,190.54508080142364,drift continue,NaN,Safe Condition
386,386,185.77304975814286,drift continue,NaN,Safe Condition
387,387,185.9375083784703,drift continue,NaN,Safe Condition
388,388,196.46056495241103,drift continue,NaN,Safe Condition
389,389,184.5436310151706,drift continue,NaN,Safe Condition
390,390,189.5152691609488,drift continue,NaN,Safe Condition
391,391,185.86906711098956,drift continue,NaN,Safe Condition
392,392,191.45023291684421,drift continue,NaN,Safe Condition
393,393,191.70262892308446,drift continue,NaN,Safe Condition
394,394,179.98155935697014,drift continue,NaN,Safe Condition
395,395,186.99816718096415,drift continue,NaN,Safe Condition
396,396,187.28452483436988,drift continue,NaN,Safe Condition
397,397,188.97278741637948,drift continue,NaN,Safe Condition
398,398,192.5321312737159,drift continue,NaN,Safe Condition
399,399,190.77196927962177,drift continue,NaN,Safe Condition
400,400,194.682305709286,drift continue,NaN,Safe Condition
401,401,200.58983882496187,drift continue,NaN,Safe Condition
402,402,200.31216489771984,drift continue,NaN,Safe Condition
403,403,188.1890342865709,drift continue,NaN,Safe Condition
404,404,193.28579882776862,drift continue,NaN,Safe Condition
405,405,196.58569825578007,drift continue,NaN,Safe Condition
406,406,199.17592355550144,drift continue,NaN,Safe Condition
407,407,195.4887418668745,drift continue,NaN,Safe Condition
408,408,196.0168215634092,drift continue,NaN,Safe Condition
409,409,195.3959527112301,drift continue,NaN,Safe Condition
410,410,197.76431767517187,drift Started,0.17317429060462353,Safe Condition
411,411,201.1986826735401,drift continue,NaN,Safe Condition
412,412,192.59177489526473,drift continue,NaN,Safe Condition
413,413,193.28266555447982,drift continue,NaN,Safe Condition
414,414,196.0464349600851,drift continue,NaN,Safe Condition
415,415,190.14335648670044,drift continue,NaN,Safe Condition
416,416,196.84854060204344,drift continue,NaN,Safe Condition
417,417,198.33476926378577,drift continue,NaN,Safe Condition
418,418,196.48810760710643,drift continue,NaN,Safe Condition
419,419,194.2231833407333,drift continue,NaN,Safe Condition
420,420,198.66668342584381,drift continue,NaN,Safe Condition
421,421,196.81366072595816,drift continue,NaN,Safe Condition
422,422,202.38356969827518,drift continue,NaN,Safe Condition
423,423,206.22372043265452,drift continue,NaN,Safe Condition
424,424,203.2113258639154,drift continue,NaN,Safe Condition
425,425,194.30532098766108,drift continue,NaN,Safe Condition
426,426,200.34608944597198,drift continue,NaN,Safe Condition
427,427,196.37404385883053,drift continue,NaN,Safe Condition
428,428,201.01036384880263,drift continue,NaN,Safe Condition
429,429,198.5482260801958,drift continue,NaN,Safe Condition
430,430,204.88920380088368,drift continue,NaN,Safe Condition
431,431,208.10885442925138,drift continue,NaN,Safe Condition
432,432,197.21991684364983,drift continue,NaN,Safe Condition
433,433,198.87254678565048,drift continue,NaN,Safe Condition
434,434,206.15629187784285,drift continue,NaN,Safe Condition
435,435,204.27703812869123,drift continue,NaN,Safe Condition
436,436,203.74644045875084,drift continue,NaN,Safe Condition
437,437,197.36343002847823,drift continue,NaN,Safe Condition
438,438,203.01319425833447,drift continue,NaN,Safe Condition
439,439,201.50713975065744,drift continue,NaN,Safe Condition
440,440,194.41855693068217,drift continue,NaN,Safe Condition
441,441,198.72025939153957,drift continue,NaN,Safe Condition
442,442,204.584858793648,drift continue,NaN,Safe Condition
443,443,209.1065285548368,drift continue,NaN,Safe Condition
444,444,198.61630560673112,drift continue,NaN,Safe Condition
445,445,211.23503069492128,drift continue,NaN,Safe Condition
446,446,211.61413591662998,drift continue,NaN,Safe Condition
447,447,195.16777559723963,drift continue,NaN,Safe Condition
448,448,202.38848738190964,drift continue,NaN,Safe Condition
449,449,201.91624577547378,drift continue,NaN,Safe Condition
450,450,197.37313674732508,drift continue,NaN,Safe Condition
451,451,211.80749009206605,drift continue,NaN,Safe Condition
452,452,198.83421627750596,drift continue,NaN,Safe Condition
453,453,205.5443739984692,drift continue,NaN,Safe Condition
454,454,202.69787819315684,drift continue,NaN,Safe Condition
455,455,209.5178664592544,drift continue,NaN,Safe Condition
456,456,209.8720293862897,drift continue,NaN,Safe Condition
457,457,204.74866937187875,shift Happend,3.753369008497863,Safe Condition
458,458,208.40305999995226,shift continue,NaN,Safe Condition
459,459,205.48292776803908,shift continue,NaN,Safe Condition
460,460,209.97110115415242,shift continue,NaN,Safe Condition
461,461,208.5530521002458,shift continue,NaN,Safe Condition
462,462,210.8928464080793,shift continue,NaN,Safe Condition
463,463,210.12570365546898,shift continue,NaN,Safe Condition
464,464,212.89352235092767,shift continue,NaN,Safe Condition
465,465,209.57284048123893,shift continue,NaN,Safe Condition
466,466,208.3125012189425,shift continue,NaN,Safe Condition
467,467,209.23740963619096,shift continue,NaN,Safe Condition
468,468,206.9191126822647,shift continue,NaN,Safe Condition
469,469,203.19743583767513,shift continue,NaN,Safe Condition
470,470,200.73471397911612,shift continue,NaN,Safe Condition
471,471,203.70687301807112,shift continue,NaN,Safe Condition
472,472,212.22302773008005,shift continue,NaN,Safe Condition
473,473,201.59497519527278,shift continue,NaN,Safe Condition
474,474,207.7870279354589,shift continue,NaN,Safe Condition
475,475,209.74712422332303,shift continue,NaN,Safe Condition
476,476,208.43892153094453,shift continue,NaN,Safe Condition
477,477,211.71985214079325,shift continue,NaN,Safe Condition
478,478,208.4157198683441,shift continue,NaN,Safe Condition
479,479,212.38805880864655,shift continue,NaN,Safe Condition
480,480,206.51064252542974,shift continue,NaN,Safe Condition
481,481,205.40666468241378,shift continue,NaN,Safe Condition
482,482,214.02744566150204,shift continue,NaN,Safe Condition
483,483,209.2072573822709,shift continue,NaN,Safe Condition
484,484,213.65242256658456,shift continue,NaN,Safe Condition
485,485,210.04682307715677,shift continue,NaN,Safe Condition
486,486,211.27691940328094,shift continue,NaN,Safe Condition
487,487,212.67162039789287,shift continue,NaN,Safe Condition
488,488,214.7039405778745,shift continue,NaN,Safe Condition
489,489,207.9233442471903,shift continue,NaN,Safe Condition
490,490,207.13450387141077,shift continue,NaN,Safe Condition
491,491,208.43850180053607,shift continue,NaN,Safe Condition
492,492,208.5355587711524,shift continue,NaN,Safe Condition
493,493,203.04012617489818,shift continue,NaN,Safe Condition
494,494,207.83665534986113,shift continue,NaN,Safe Condition
495,495,212.04526603013034,shift continue,NaN,Safe Condition
496,496,203.8634405866484,shift continue,NaN,Safe Condition
497,497,202.08559671712098,shift continue,NaN,Safe Condition
498,498,207.76483818366538,shift continue,NaN,Safe Condition
499,499,209.73100876875304,shift continue,NaN,Safe Condition
500,500,208.62693250133728,shift continue,NaN,Safe Condition
501,501,203.58240258992592,shift continue,NaN,Safe Condition
502,502,206.50465371344637,shift continue,NaN,Safe Condition
503,503,208.13239599057937,shift continue,NaN,Safe Condition
504,504,210.19467279191005,shift continue,NaN,Safe Condition
505,505,204.31464540866278,shift continue,NaN,Safe Condition
506,506,205.33703988579353,shift continue,NaN,Safe Condition
507,507,203.7143437613678,shift continue,NaN,Safe Condition
508,508,214.03946685743628,shift continue,NaN,Safe Condition
509,509,211.68831628637705,shift continue,NaN,Safe Condition
510,510,209.48177272327345,drift Started,0.40415413250787596,Safe Condition
511,511,206.95696306219924,drift continue,NaN,Safe Condition
512,512,210.81051901611465,drift continue,NaN,Safe Condition
513,513,214.3709149744024,drift continue,NaN,Safe Condition
514,514,207.63416917884902,shift Happend,6.22381483828455,Safe Condition
515,515,221.7630617971075,shift continue,NaN,Safe Condition
516,516,209.11635669129208,shift continue,NaN,Safe Condition
517,517,214.1587598226028,shift continue,NaN,Safe Condition
518,518,214.56703209952425,shift continue,NaN,Safe Condition
519,519,210.48483906319595,shift continue,NaN,Safe Condition
520,520,216.57902046795093,shift continue,NaN,Safe Condition
521,521,215.70727054946107,shift continue,NaN,Safe Condition
522,522,216.0585604502323,shift continue,NaN,Safe Condition
523,523,217.43547175090794,shift continue,NaN,Safe Condition
524,524,208.17206114965364,shift continue,NaN,Safe Condition
525,525,216.72619857244607,shift continue,NaN,Safe Condition
526,526,213.6202303700187,shift continue,NaN,Safe Condition
527,527,216.49982293241652,shift continue,NaN,Safe Condition
528,528,214.05751239673828,shift continue,NaN,Safe Condition
529,529,206.30683141377062,shift continue,NaN,Safe Condition
530,530,215.56904090673837,shift continue,NaN,Safe Condition
531,531,211.84899850131796,shift continue,NaN,Safe Condition
532,532,214.43428967293798,shift continue,NaN,Safe Condition
533,533,214.03966677731339,shift continue,NaN,Safe Condition
534,534,219.20407668513246,shift continue,NaN,Safe Condition
535,535,211.1806787201507,shift continue,NaN,Safe Condition
536,536,216.01522333059103,shift continue,NaN,Safe Condition
537,537,213.23466140322412,shift continue,NaN,Safe Condition
538,538,217.60823510900548,shift continue,NaN,Safe Condition
539,539,208.9117430916289,shift continue,NaN,Safe Condition
540,540,211.5572812305023,shift continue,NaN,Safe Condition
541,541,212.48610483289482,shift continue,NaN,Safe Condition
542,542,216.71765498468145,shift continue,NaN,Safe Condition
543,543,214.42788641067858,shift continue,NaN,Safe Condition
544,544,217.3200986007037,shift continue,NaN,Safe Condition
545,545,208.67539847359672,shift continue,NaN,Safe Condition
546,546,214.9732465976824,shift continue,NaN,Safe Condition
547,547,215.99859838324687,shift continue,NaN,Safe Condition
548,548,213.29410270386737,shift continue,NaN,Safe Condition
549,549,218.25321439645091,shift continue,NaN,Safe Condition
550,550,213.21006262316064,drift Started,0.3841438809970866,Safe Condition
551,551,211.2763175693156,drift continue,NaN,Safe Condition
552,552,215.06442521867805,drift continue,NaN,Safe Condition
553,553,214.37969172340024,drift continue,NaN,Safe Condition
554,554,206.8286029698871,drift continue,NaN,Safe Condition
555,555,212.82791035425765,drift continue,NaN,Safe Condition
556,556,217.1875311862407,drift continue,NaN,Safe Condition
557,557,213.61020065524673,drift continue,NaN,Safe Condition
558,558,214.84193926992603,drift continue,NaN,Safe Condition
559,559,218.5167356834426,drift continue,NaN,Safe Condition
560,560,212.4827712972464,drift continue,NaN,Safe Condition
561,561,224.54714049951556,drift continue,NaN,Safe Condition
562,562,219.4581186059675,drift continue,NaN,Safe Condition
563,563,220.7508067205503,drift continue,NaN,Safe Condition
564,564,216.66776423945643,drift continue,NaN,Safe Condition
565,565,211.01284303472127,drift continue,NaN,Safe Condition
566,566,219.18651478927362,drift continue,NaN,Safe Condition
567,567,215.6602402136192,drift continue,NaN,Safe Condition
568,568,225.19929187613687,drift continue,NaN,Safe Condition
569,569,221.24499996634663,drift continue,NaN,Safe Condition
570,570,221.0124659687088,drift continue,NaN,Safe Condition
571,571,216.34267222716238,drift continue,NaN,Safe Condition
572,572,223.23618412743974,drift continue,NaN,Safe Condition
573,573,220.06163617746577,drift continue,NaN,Safe Condition
574,574,224.45301855786286,drift continue,NaN,Safe Condition
575,575,226.01389866564676,drift continue,NaN,Safe Condition
576,576,220.83181787908066,drift continue,NaN,Safe Condition
577,577,224.54841164296337,drift continue,NaN,Safe Condition
578,578,222.32989471580166,drift continue,NaN,Safe Condition
579,579,222.771956729039,drift continue,NaN,Safe Condition
580,580,221.66108092657254,drift continue,NaN,Safe Condition
581,581,220.44606066429793,drift continue,NaN,Safe Condition
582,582,230.69719904524587,drift continue,NaN,UnSafe Condition
583,583,229.9844693372562,drift continue,NaN,Safe Condition
584,584,229.03506539067212,drift continue,NaN,Safe Condition
585,585,225.96656247020695,drift continue,NaN,Safe Condition
586,586,225.8220604275636,drift continue,NaN,Safe Condition
587,587,230.64191725583805,drift continue,NaN,UnSafe Condition
588,588,224.0024509793242,drift continue,NaN,Safe Condition
589,589,227.20236781999205,drift continue,NaN,Safe Condition
590,590,227.78007259664227,drift continue,NaN,Safe Condition
591,591,223.60296159860502,drift continue,NaN,Safe Condition
592,592,225.11661698937138,drift continue,NaN,Safe Condition
593,593,231.822814386505,drift continue,NaN,UnSafe Condition
594,594,228.84223303681443,drift continue,NaN,Safe Condition
595,595,230.0006350454607,drift continue,NaN,UnSafe Condition
596,596,225.72147086128626,drift continue,NaN,Safe Condition
597,597,233.7592900672953,drift continue,NaN,UnSafe Condition
598,598,232.2149845234963,drift continue,NaN,UnSafe Condition
599,599,236.60686820838308,drift continue,NaN,UnSafe Condition
600,600,235.23984380229192,drift continue,NaN,UnSafe Condition
601,601,226.9458299181611,shift Happend,7.10730964648775,Safe Condition
602,602,237.316579170627,shift continue,NaN,UnSafe Condition
603,603,232.7011224852835,shift continue,NaN,UnSafe Condition
604,604,231.69481244660673,shift continue,NaN,UnSafe Condition
605,605,238.02820972477153,shift continue,NaN,UnSafe Condition
606,606,235.50775799640112,shift continue,NaN,UnSafe Condition
607,607,235.31872647476243,shift continue,NaN,UnSafe Condition
608,608,230.99777154401488,shift continue,NaN,UnSafe Condition
609,609,228.5613760687514,shift continue,NaN,Safe Condition
610,610,234.7224878169437,shift continue,NaN,UnSafe Condition
611,611,234.1318901139682,shift continue,NaN,UnSafe Condition
612,612,235.9487233214918,shift continue,NaN,UnSafe Condition
613,613,229.55848674533263,shift continue,NaN,Safe Condition
614,614,232.69210316317296,shift continue,NaN,UnSafe Condition
615,615,234.14697894557156,shift continue,NaN,UnSafe Condition
616,616,227.92738559358364,shift continue,NaN,Safe Condition
617,617,235.9242669913882,shift continue,NaN,UnSafe Condition
618,618,230.85559693275005,shift continue,NaN,UnSafe Condition
619,619,237.41877575581884,shift continue,NaN,UnSafe Condition
620,620,235.11728825836454,shift continue,NaN,UnSafe Condition
621,621,231.22725123976502,drift Started,0.1846423414672776,UnSafe Condition
622,622,231.05563762943783,drift continue,NaN,UnSafe Condition
623,623,221.5708357168837,drift continue,NaN,Safe Condition
624,624,226.8695654585034,drift continue,NaN,Safe Condition
625,625,231.97679575439736,drift continue,NaN,UnSafe Condition
626,626,232.6751600157779,drift continue,NaN,UnSafe Condition
627,627,230.56205776783995,drift continue,NaN,UnSafe Condition
628,628,232.75117535220997,drift continue,NaN,UnSafe Condition
629,629,234.8314158072195,drift continue,NaN,UnSafe Condition
630,630,229.31663931070557,drift continue,NaN,Safe Condition
631,631,234.66227666668104,drift continue,NaN,UnSafe Condition
632,632,232.0399360467253,drift continue,NaN,UnSafe Condition
633,633,232.7182223090819,drift Started,0.04800136207479843,UnSafe Condition
634,634,232.26762335492162,drift continue,NaN,UnSafe Condition
635,635,228.42286629077915,drift continue,NaN,Safe Condition
636,636,236.34125349760603,drift continue,NaN,UnSafe Condition
637,637,234.51448798320175,drift continue,NaN,UnSafe Condition
638,638,241.5899561684725,drift continue,NaN,UnSafe Condition
639,639,240.61466419486814,drift continue,NaN,UnSafe Condition
640,640,237.61189604348988,drift continue,NaN,UnSafe Condition
641,641,227.43074204088316,drift continue,NaN,Safe Condition
642,642,235.38327361488533,drift continue,NaN,UnSafe Condition
643,643,232.92231471558134,drift continue,NaN,UnSafe Condition
644,644,234.4919503088864,drift continue,NaN,UnSafe Condition
645,645,233.39686031750276,drift continue,NaN,UnSafe Condition
646,646,227.83917168985195,drift continue,NaN,Safe Condition
647,647,239.37542432644446,drift continue,NaN,UnSafe Condition